Rssi,Device,Hive_Position,Unix_Time,Sample,Battery,Temperature,Humidity,Scaled_Weight,Weight_Scale_Factor,Weight,w1,w3,w2,w4
0,49:02:8C,Scale Under Hive,1714332067,5442,100,64.68,nan,40.59,1,40.59,17.95,0.64,4.74,17.26
62,49:02:8C,Scale Under Hive,1714334791,5443,100,70.84,nan,42.91,1,42.91,19.4,1.01,5.05,17.45
0,49:02:8C,Scale Under Hive,1714335667,5443,100,70.84,nan,42.91,1,42.91,19.4,1.01,5.05,17.45
58,49:02:8C,Scale Under Hive,1714338390,5444,100,69.63,nan,43.3,1,43.3,19.51,1.23,5.26,17.3
0,49:02:8C,Scale Under Hive,1714339267,5444,100,69.63,nan,43.3,1,43.3,19.51,1.23,5.26,17.3
64,49:02:8C,Scale Under Hive,1714341990,5445,100,67.19,nan,43.52,1,43.52,19.59,1.28,5.27,17.38
0,49:02:8C,Scale Under Hive,1714342867,5445,100,67.19,nan,43.52,1,43.52,19.59,1.28,5.27,17.38
56,49:02:8C,Scale Under Hive,1714345589,5446,100,64.67,nan,43.62,1,43.62,19.55,1.4,5.19,17.48
0,49:02:8C,Scale Under Hive,1714346467,5446,100,64.67,nan,43.62,1,43.62,19.55,1.4,5.19,17.48
64,49:02:8C,Scale Under Hive,1714349190,5447,100,60.6,nan,42.89,1,42.89,19.07,1.65,5.24,16.93
0,49:02:8C,Scale Under Hive,1714350067,5447,100,60.6,nan,42.89,1,42.89,19.07,1.65,5.24,16.93
66,49:02:8C,Scale Under Hive,1714352790,5448,100,58.47,nan,42.45,1,42.45,18.85,1.7,5.17,16.73
0,49:02:8C,Scale Under Hive,1714353667,5448,100,58.47,nan,42.45,1,42.45,18.85,1.7,5.17,16.73
72,49:02:8C,Scale Under Hive,1714356390,5449,100,56.26,nan,41.88,1,41.88,18.61,1.68,5.04,16.55
0,49:02:8C,Scale Under Hive,1714357267,5449,100,56.26,nan,41.88,1,41.88,18.61,1.68,5.04,16.55
72,49:02:8C,Scale Under Hive,1714359990,5450,100,52.48,nan,41.21,1,41.21,18.35,1.57,4.9,16.39
0,49:02:8C,Scale Under Hive,1714360867,5450,100,52.48,nan,41.21,1,41.21,18.35,1.57,4.9,16.39
68,49:02:8C,Scale Under Hive,1714363589,5451,100,49.76,nan,40.73,1,40.73,18.17,1.56,4.77,16.23
0,49:02:8C,Scale Under Hive,1714364467,5451,100,49.76,nan,40.73,1,40.73,18.17,1.56,4.77,16.23
70,49:02:8C,Scale Under Hive,1714367189,5452,100,48.34,nan,40.55,1,40.55,18.1,1.56,4.72,16.17
0,49:02:8C,Scale Under Hive,1714368067,5452,100,48.34,nan,40.55,1,40.55,18.1,1.56,4.72,16.17
58,49:02:8C,Scale Under Hive,1714370788,5453,100,47.24,nan,40.34,1,40.34,18.02,1.49,4.68,16.15
0,49:02:8C,Scale Under Hive,1714371667,5453,100,47.24,nan,40.34,1,40.34,18.02,1.49,4.68,16.15
70,49:02:8C,Scale Under Hive,1714374389,5454,100,45.68,nan,40.07,1,40.07,17.9,1.48,4.62,16.07
0,49:02:8C,Scale Under Hive,1714375267,5454,100,45.68,nan,40.07,1,40.07,17.9,1.48,4.62,16.07
70,49:02:8C,Scale Under Hive,1714377989,5455,100,44.43,nan,39.92,1,39.92,17.84,1.46,4.58,16.04
0,49:02:8C,Scale Under Hive,1714378867,5455,100,44.43,nan,39.92,1,39.92,17.84,1.46,4.58,16.04
70,49:02:8C,Scale Under Hive,1714381588,5456,100,43.71,nan,39.86,1,39.86,17.8,1.46,4.57,16.03
0,49:02:8C,Scale Under Hive,1714382467,5456,100,43.71,nan,39.86,1,39.86,17.8,1.46,4.57,16.03
68,49:02:8C,Scale Under Hive,1714385188,5457,100,44.42,nan,39.98,1,39.98,17.82,1.46,4.62,16.08
0,49:02:8C,Scale Under Hive,1714386067,5457,100,44.42,nan,39.98,1,39.98,17.82,1.46,4.62,16.08
56,49:02:8C,Scale Under Hive,1714388787,5458,100,45.84,nan,40.1,1,40.1,17.83,1.47,4.63,16.17
0,49:02:8C,Scale Under Hive,1714389667,5458,100,45.84,nan,40.1,1,40.1,17.83,1.47,4.63,16.17
72,49:02:8C,Scale Under Hive,1714392387,5459,100,47.19,nan,40.27,1,40.27,17.87,1.48,4.7,16.22
0,49:02:8C,Scale Under Hive,1714393267,5459,100,47.19,nan,40.27,1,40.27,17.87,1.48,4.7,16.22
70,49:02:8C,Scale Under Hive,1714395987,5460,100,47.4,nan,40.38,1,40.38,17.85,1.52,4.74,16.27
0,49:02:8C,Scale Under Hive,1714396867,5460,100,47.4,nan,40.38,1,40.38,17.85,1.52,4.74,16.27
58,49:02:8C,Scale Under Hive,1714399587,5461,100,49.6,nan,40.7,1,40.7,17.98,1.52,4.82,16.38
0,49:02:8C,Scale Under Hive,1714400467,5461,100,49.6,nan,40.7,1,40.7,17.98,1.52,4.82,16.38
60,49:02:8C,Scale Under Hive,1714403186,5462,100,53.04,nan,41.09,1,41.09,18.11,1.51,4.98,16.49
0,49:02:8C,Scale Under Hive,1714404067,5462,100,53.04,nan,41.09,1,41.09,18.11,1.51,4.98,16.49
70,49:02:8C,Scale Under Hive,1714406786,5463,100,60.15,nan,42.11,1,42.11,18.49,1.58,5.23,16.81
0,49:02:8C,Scale Under Hive,1714407667,5463,100,60.15,nan,42.11,1,42.11,18.49,1.58,5.23,16.81
54,49:02:8C,Scale Under Hive,1714410386,5464,100,74.84,nan,44.3,1,44.3,19.17,1.85,5.97,17.31
0,49:02:8C,Scale Under Hive,1714411267,5464,100,74.84,nan,44.3,1,44.3,19.17,1.85,5.97,17.31
70,49:02:8C,Scale Under Hive,1714413986,5465,100,77.55,nan,45.4,1,45.4,19.54,2.15,6.37,17.34
0,49:02:8C,Scale Under Hive,1714414867,5465,100,77.55,nan,45.4,1,45.4,19.54,2.15,6.37,17.34
56,49:02:8C,Scale Under Hive,1714417585,5466,100,78.31,nan,45.71,1,45.71,19.6,2.55,6.44,17.12
0,49:02:8C,Scale Under Hive,1714418467,5466,100,78.31,nan,45.71,1,45.71,19.6,2.55,6.44,17.12
54,49:02:8C,Scale Under Hive,1714421185,5467,100,78.49,nan,45.81,1,45.81,19.71,2.51,6.5,17.09
0,49:02:8C,Scale Under Hive,1714422067,5467,100,78.49,nan,45.81,1,45.81,19.71,2.51,6.5,17.09
56,49:02:8C,Scale Under Hive,1714424785,5468,100,75.86,nan,45.72,1,45.72,19.55,3.07,6.41,16.69
0,49:02:8C,Scale Under Hive,1714425667,5468,100,75.86,nan,45.72,1,45.72,19.55,3.07,6.41,16.69
66,49:02:8C,Scale Under Hive,1714428384,5469,100,67.85,nan,44.87,1,44.87,19.2,3.15,6.36,16.16
0,49:02:8C,Scale Under Hive,1714429267,5469,100,67.85,nan,44.87,1,44.87,19.2,3.15,6.36,16.16
68,49:02:8C,Scale Under Hive,1714431985,5470,100,68.32,nan,44.74,1,44.74,18.95,3.28,6.4,16.11
0,49:02:8C,Scale Under Hive,1714432867,5470,100,68.32,nan,44.74,1,44.74,18.95,3.28,6.4,16.11
62,49:02:8C,Scale Under Hive,1714435584,5471,100,68.18,nan,44.51,1,44.51,18.73,3.39,6.43,15.96
0,49:02:8C,Scale Under Hive,1714436467,5471,100,68.18,nan,44.51,1,44.51,18.73,3.39,6.43,15.96
72,49:02:8C,Scale Under Hive,1714439184,5472,100,66.81,nan,44.31,1,44.31,18.55,3.51,6.49,15.76
0,49:02:8C,Scale Under Hive,1714440067,5472,100,66.81,nan,44.31,1,44.31,18.55,3.51,6.49,15.76
58,49:02:8C,Scale Under Hive,1714442783,5473,100,63.01,nan,43.36,1,43.36,18.21,3.37,6.25,15.53
0,49:02:8C,Scale Under Hive,1714443667,5473,100,63.01,nan,43.36,1,43.36,18.21,3.37,6.25,15.53
58,49:02:8C,Scale Under Hive,1714446382,5474,100,58.22,nan,42.34,1,42.34,17.82,3.2,6.09,15.23
0,49:02:8C,Scale Under Hive,1714447267,5474,100,58.22,nan,42.34,1,42.34,17.82,3.2,6.09,15.23
68,49:02:8C,Scale Under Hive,1714449983,5475,100,54.93,nan,41.72,1,41.72,17.59,3.19,5.91,15.03
0,49:02:8C,Scale Under Hive,1714450867,5475,100,54.93,nan,41.72,1,41.72,17.59,3.19,5.91,15.03
42,49:02:8C,Scale Under Hive,1714453582,5476,100,53.06,nan,41.24,1,41.24,17.38,3.18,5.8,14.88
0,49:02:8C,Scale Under Hive,1714454467,5476,100,53.06,nan,41.24,1,41.24,17.38,3.18,5.8,14.88
62,49:02:8C,Scale Under Hive,1714457182,5477,100,50.52,nan,40.73,1,40.73,17.22,3.12,5.67,14.72
0,49:02:8C,Scale Under Hive,1714458067,5477,100,50.52,nan,40.73,1,40.73,17.22,3.12,5.67,14.72
54,49:02:8C,Scale Under Hive,1714460782,5478,100,48.29,nan,40.35,1,40.35,17.11,3.03,5.59,14.62
0,49:02:8C,Scale Under Hive,1714461667,5478,100,48.29,nan,40.35,1,40.35,17.11,3.03,5.59,14.62
58,49:02:8C,Scale Under Hive,1714464382,5479,100,47.57,nan,40.11,1,40.11,17.02,3.04,5.51,14.54
0,49:02:8C,Scale Under Hive,1714465267,5479,100,47.57,nan,40.11,1,40.11,17.02,3.04,5.51,14.54
68,49:02:8C,Scale Under Hive,1714467981,5480,100,46.11,nan,39.9,1,39.9,16.9,3.1,5.48,14.42
0,49:02:8C,Scale Under Hive,1714468867,5480,100,46.11,nan,39.9,1,39.9,16.9,3.1,5.48,14.42
58,49:02:8C,Scale Under Hive,1714471581,5481,100,44.07,nan,39.57,1,39.57,16.79,3.07,5.42,14.29
0,49:02:8C,Scale Under Hive,1714472467,5481,100,44.07,nan,39.57,1,39.57,16.79,3.07,5.42,14.29
68,49:02:8C,Scale Under Hive,1714475179,5482,100,40.82,nan,39.19,1,39.19,16.59,3.1,5.36,14.14
0,49:02:8C,Scale Under Hive,1714476067,5482,100,40.82,nan,39.19,1,39.19,16.59,3.1,5.36,14.14
56,49:02:8C,Scale Under Hive,1714478779,5483,100,38.53,nan,38.98,1,38.98,16.45,3.17,5.32,14.04
0,49:02:8C,Scale Under Hive,1714479667,5483,100,38.53,nan,38.98,1,38.98,16.45,3.17,5.32,14.04
58,49:02:8C,Scale Under Hive,1714482379,5484,100,37.0,nan,38.9,1,38.9,16.29,3.37,5.34,13.9
0,49:02:8C,Scale Under Hive,1714483267,5484,100,37.0,nan,38.9,1,38.9,16.29,3.37,5.34,13.9
70,49:02:8C,Scale Under Hive,1714485980,5485,100,43.84,nan,39.66,1,39.66,16.49,3.53,5.48,14.16
0,49:02:8C,Scale Under Hive,1714486867,5485,100,43.84,nan,39.66,1,39.66,16.49,3.53,5.48,14.16
66,49:02:8C,Scale Under Hive,1714489578,5486,100,63.12,nan,41.64,1,41.64,17.55,3.56,5.68,14.85
0,49:02:8C,Scale Under Hive,1714490467,5486,100,63.12,nan,41.64,1,41.64,17.55,3.56,5.68,14.85
68,49:02:8C,Scale Under Hive,1714493178,5487,100,72.01,nan,42.35,1,42.35,17.61,3.36,6.31,15.07
0,49:02:8C,Scale Under Hive,1714494067,5487,100,72.01,nan,42.35,1,42.35,17.61,3.36,6.31,15.07
60,49:02:8C,Scale Under Hive,1714496778,5488,100,71.63,nan,42.54,1,42.54,17.48,3.26,6.81,14.99
0,49:02:8C,Scale Under Hive,1714497667,5488,100,71.63,nan,42.54,1,42.54,17.48,3.26,6.81,14.99
70,49:02:8C,Scale Under Hive,1714500377,5489,100,68.45,nan,42.62,1,42.62,17.45,3.37,6.89,14.91
0,49:02:8C,Scale Under Hive,1714501267,5489,100,68.45,nan,42.62,1,42.62,17.45,3.37,6.89,14.91
58,49:02:8C,Scale Under Hive,1714503977,5490,100,69.58,nan,43.26,1,43.26,17.76,3.34,7.05,15.11
0,49:02:8C,Scale Under Hive,1714504867,5490,100,69.58,nan,43.26,1,43.26,17.76,3.34,7.05,15.11
58,49:02:8C,Scale Under Hive,1714507577,5491,100,69.92,nan,43.18,1,43.18,17.89,3.33,6.83,15.13
0,49:02:8C,Scale Under Hive,1714508467,5491,100,69.92,nan,43.18,1,43.18,17.89,3.33,6.83,15.13
62,49:02:8C,Scale Under Hive,1714511177,5492,100,69.04,nan,43.18,1,43.18,17.85,3.53,6.78,15.02
0,49:02:8C,Scale Under Hive,1714512067,5492,100,69.04,nan,43.18,1,43.18,17.85,3.53,6.78,15.02
66,49:02:8C,Scale Under Hive,1714514778,5493,100,68.1,nan,42.87,1,42.87,17.69,3.61,6.57,15.0
0,49:02:8C,Scale Under Hive,1714515667,5493,100,68.1,nan,42.87,1,42.87,17.69,3.61,6.57,15.0
64,49:02:8C,Scale Under Hive,1714518377,5494,100,64.74,nan,42.79,1,42.79,17.44,3.79,6.52,15.04
0,49:02:8C,Scale Under Hive,1714519267,5494,100,64.74,nan,42.79,1,42.79,17.44,3.79,6.52,15.04
70,49:02:8C,Scale Under Hive,1714521977,5495,100,62.09,nan,42.48,1,42.48,17.03,4.25,6.64,14.56
0,49:02:8C,Scale Under Hive,1714522867,5495,100,62.09,nan,42.48,1,42.48,17.03,4.25,6.64,14.56
68,49:02:8C,Scale Under Hive,1714525576,5496,100,59.55,nan,41.71,1,41.71,16.69,4.21,6.53,14.28
0,49:02:8C,Scale Under Hive,1714526467,5496,100,59.55,nan,41.71,1,41.71,16.69,4.21,6.53,14.28
60,49:02:8C,Scale Under Hive,1714529176,5497,100,56.85,nan,40.86,1,40.86,16.34,4.13,6.36,14.03
0,49:02:8C,Scale Under Hive,1714530067,5497,100,56.85,nan,40.86,1,40.86,16.34,4.13,6.36,14.03
60,49:02:8C,Scale Under Hive,1714532776,5498,100,52.41,nan,39.84,1,39.84,15.82,4.19,6.16,13.67
0,49:02:8C,Scale Under Hive,1714533667,5498,100,52.41,nan,39.84,1,39.84,15.82,4.19,6.16,13.67
60,49:02:8C,Scale Under Hive,1714536376,5499,100,49.13,nan,39.1,1,39.1,15.44,4.21,6.06,13.39
0,49:02:8C,Scale Under Hive,1714537267,5499,100,49.13,nan,39.1,1,39.1,15.44,4.21,6.06,13.39
74,49:02:8C,Scale Under Hive,1714539976,5500,100,47.17,nan,38.45,1,38.45,15.17,4.22,5.91,13.15
0,49:02:8C,Scale Under Hive,1714540867,5500,100,47.17,nan,38.45,1,38.45,15.17,4.22,5.91,13.15
74,49:02:8C,Scale Under Hive,1714543575,5501,100,46.36,nan,37.97,1,37.97,14.95,4.32,5.83,12.87
0,49:02:8C,Scale Under Hive,1714544467,5501,100,46.36,nan,37.97,1,37.97,14.95,4.32,5.83,12.87
72,49:02:8C,Scale Under Hive,1714547175,5502,100,45.69,nan,37.5,1,37.5,14.79,4.3,5.68,12.73
0,49:02:8C,Scale Under Hive,1714548067,5502,100,45.69,nan,37.5,1,37.5,14.79,4.3,5.68,12.73
74,49:02:8C,Scale Under Hive,1714550774,5503,100,45.39,nan,37.08,1,37.08,14.61,4.34,5.53,12.6
0,49:02:8C,Scale Under Hive,1714551667,5503,100,45.39,nan,37.08,1,37.08,14.61,4.34,5.53,12.6
68,49:02:8C,Scale Under Hive,1714554374,5505,100,46.18,nan,36.77,1,36.77,14.49,4.33,5.4,12.55
0,49:02:8C,Scale Under Hive,1714555267,5504,100,46.18,nan,36.77,1,36.77,14.49,4.33,5.4,12.55
74,49:02:8C,Scale Under Hive,1714557974,5506,100,44.81,nan,36.35,1,36.35,14.31,4.36,5.33,12.35
0,49:02:8C,Scale Under Hive,1714558867,5506,100,44.81,nan,36.35,1,36.35,14.31,4.36,5.33,12.35
54,49:02:8C,Scale Under Hive,1714561574,5507,100,42.47,nan,35.79,1,35.79,14.06,4.37,5.24,12.12
0,49:02:8C,Scale Under Hive,1714562467,5507,100,42.47,nan,35.79,1,35.79,14.06,4.37,5.24,12.12
72,49:02:8C,Scale Under Hive,1714565173,5508,100,42.56,nan,35.75,1,35.75,14.06,4.38,5.18,12.13
0,49:02:8C,Scale Under Hive,1714566067,5508,100,42.56,nan,35.75,1,35.75,14.06,4.38,5.18,12.13
56,49:02:8C,Scale Under Hive,1714568774,5509,100,43.91,nan,35.93,1,35.93,14.05,4.54,5.18,12.16
0,49:02:8C,Scale Under Hive,1714569667,5509,100,43.91,nan,35.93,1,35.93,14.05,4.54,5.18,12.16
72,49:02:8C,Scale Under Hive,1714572373,5510,100,46.47,nan,36.07,1,36.07,14.15,4.52,5.12,12.28
0,49:02:8C,Scale Under Hive,1714573267,5510,100,46.47,nan,36.07,1,36.07,14.15,4.52,5.12,12.28
70,49:02:8C,Scale Under Hive,1714575973,5511,100,54.55,nan,37.47,1,37.47,14.91,4.75,5.16,12.65
0,49:02:8C,Scale Under Hive,1714576867,5511,100,54.55,nan,37.47,1,37.47,14.91,4.75,5.16,12.65
70,49:02:8C,Scale Under Hive,1714579572,5512,100,67.91,nan,39.51,1,39.51,15.38,5.18,5.93,13.02
0,49:02:8C,Scale Under Hive,1714580467,5512,100,67.91,nan,39.51,1,39.51,15.38,5.18,5.93,13.02
68,49:02:8C,Scale Under Hive,1714583172,5513,100,70.79,nan,39.97,1,39.97,15.46,4.9,6.4,13.21
0,49:02:8C,Scale Under Hive,1714584067,5513,100,70.79,nan,39.97,1,39.97,15.46,4.9,6.4,13.21
70,49:02:8C,Scale Under Hive,1714586772,5514,100,70.89,nan,40.48,1,40.48,15.71,4.7,6.63,13.44
0,49:02:8C,Scale Under Hive,1714587667,5514,100,70.89,nan,40.48,1,40.48,15.71,4.7,6.63,13.44
60,49:02:8C,Scale Under Hive,1714590373,5515,100,68.5,nan,40.29,1,40.29,15.89,4.38,6.49,13.53
0,49:02:8C,Scale Under Hive,1714591267,5515,100,68.5,nan,40.29,1,40.29,15.89,4.38,6.49,13.53
68,49:02:8C,Scale Under Hive,1714593971,5516,100,65.96,nan,40.21,1,40.21,16.11,4.27,6.3,13.53
0,49:02:8C,Scale Under Hive,1714594867,5516,100,65.96,nan,40.21,1,40.21,16.11,4.27,6.3,13.53
64,49:02:8C,Scale Under Hive,1714597571,5517,100,61.25,nan,39.69,1,39.69,16.1,4.26,5.98,13.35
0,49:02:8C,Scale Under Hive,1714598467,5517,100,61.25,nan,39.69,1,39.69,16.1,4.26,5.98,13.35
70,49:02:8C,Scale Under Hive,1714601171,5518,100,60.65,nan,39.48,1,39.48,16.19,4.09,5.74,13.46
0,49:02:8C,Scale Under Hive,1714602067,5518,100,60.65,nan,39.48,1,39.48,16.19,4.09,5.74,13.46
70,49:02:8C,Scale Under Hive,1714604770,5519,100,56.84,nan,39.69,1,39.69,16.23,4.06,5.54,13.86
0,49:02:8C,Scale Under Hive,1714605667,5519,100,56.84,nan,39.69,1,39.69,16.23,4.06,5.54,13.86
60,49:02:8C,Scale Under Hive,1714608370,5520,100,52.17,nan,39.66,1,39.66,15.86,4.72,5.94,13.14
0,49:02:8C,Scale Under Hive,1714609267,5520,100,52.17,nan,39.66,1,39.66,15.86,4.72,5.94,13.14
70,49:02:8C,Scale Under Hive,1714611970,5521,100,50.12,nan,39.39,1,39.39,15.67,4.91,5.98,12.83
0,49:02:8C,Scale Under Hive,1714612867,5521,100,50.12,nan,39.39,1,39.39,15.67,4.91,5.98,12.83
58,49:02:8C,Scale Under Hive,1714615570,5522,100,48.16,nan,38.87,1,38.87,15.42,4.99,5.89,12.57
0,49:02:8C,Scale Under Hive,1714616467,5522,100,48.16,nan,38.87,1,38.87,15.42,4.99,5.89,12.57
72,49:02:8C,Scale Under Hive,1714619169,5523,100,46.27,nan,38.34,1,38.34,15.26,4.9,5.8,12.38
0,49:02:8C,Scale Under Hive,1714620067,5523,100,46.27,nan,38.34,1,38.34,15.26,4.9,5.8,12.38
74,49:02:8C,Scale Under Hive,1714622769,5524,100,43.66,nan,37.82,1,37.82,14.99,4.95,5.74,12.14
0,49:02:8C,Scale Under Hive,1714623667,5524,100,43.66,nan,37.82,1,37.82,14.99,4.95,5.74,12.14
58,49:02:8C,Scale Under Hive,1714626369,5525,100,42.22,nan,37.34,1,37.34,14.75,4.92,5.68,11.99
0,49:02:8C,Scale Under Hive,1714627267,5525,100,42.22,nan,37.34,1,37.34,14.75,4.92,5.68,11.99
72,49:02:8C,Scale Under Hive,1714629969,5526,100,39.97,nan,36.79,1,36.79,14.49,4.86,5.62,11.82
0,49:02:8C,Scale Under Hive,1714630867,5526,100,39.97,nan,36.79,1,36.79,14.49,4.86,5.62,11.82
76,49:02:8C,Scale Under Hive,1714633569,5527,100,38.73,nan,36.38,1,36.38,14.28,4.85,5.56,11.69
0,49:02:8C,Scale Under Hive,1714634467,5527,100,38.73,nan,36.38,1,36.38,14.28,4.85,5.56,11.69
68,49:02:8C,Scale Under Hive,1714637168,5528,100,37.63,nan,36.02,1,36.02,14.12,4.8,5.49,11.61
0,49:02:8C,Scale Under Hive,1714638067,5528,100,37.63,nan,36.02,1,36.02,14.12,4.8,5.49,11.61
58,49:02:8C,Scale Under Hive,1714640768,5529,100,36.78,nan,35.81,1,35.81,13.99,4.87,5.46,11.49
0,49:02:8C,Scale Under Hive,1714641667,5529,100,36.78,nan,35.81,1,35.81,13.99,4.87,5.46,11.49
70,49:02:8C,Scale Under Hive,1714644367,5530,100,35.85,nan,35.59,1,35.59,13.85,4.94,5.45,11.35
0,49:02:8C,Scale Under Hive,1714645267,5530,100,35.85,nan,35.59,1,35.59,13.85,4.94,5.45,11.35
66,49:02:8C,Scale Under Hive,1714647967,5531,100,34.84,nan,35.29,1,35.29,13.71,4.92,5.39,11.27
0,49:02:8C,Scale Under Hive,1714648867,5531,100,34.84,nan,35.29,1,35.29,13.71,4.92,5.39,11.27
48,49:02:8C,Scale Under Hive,1714651567,5532,100,33.45,nan,34.99,1,34.99,13.57,4.9,5.33,11.19
0,49:02:8C,Scale Under Hive,1714652467,5532,100,33.45,nan,34.99,1,34.99,13.57,4.9,5.33,11.19
70,49:02:8C,Scale Under Hive,1714655166,5533,100,33.09,nan,34.87,1,34.87,13.49,4.93,5.3,11.15
0,49:02:8C,Scale Under Hive,1714656067,5533,100,33.09,nan,34.87,1,34.87,13.49,4.93,5.3,11.15
58,49:02:8C,Scale Under Hive,1714658765,5534,100,41.07,nan,35.99,1,35.99,13.75,5.34,5.5,11.4
0,49:02:8C,Scale Under Hive,1714659667,5534,100,41.07,nan,35.99,1,35.99,13.75,5.34,5.5,11.4
70,49:02:8C,Scale Under Hive,1714662367,5535,100,55.94,nan,37.87,1,37.87,14.35,5.87,5.8,11.85
0,49:02:8C,Scale Under Hive,1714663267,5535,100,55.94,nan,37.87,1,37.87,14.35,5.87,5.8,11.85
60,49:02:8C,Scale Under Hive,1714665966,5536,100,66.92,nan,39.36,1,39.36,14.8,6.16,6.25,12.15
0,49:02:8C,Scale Under Hive,1714666867,5536,100,66.92,nan,39.36,1,39.36,14.8,6.16,6.25,12.15
70,49:02:8C,Scale Under Hive,1714669566,5537,100,64.34,nan,39.46,1,39.46,14.77,6.05,6.49,12.15
0,49:02:8C,Scale Under Hive,1714670467,5537,100,64.34,nan,39.46,1,39.46,14.77,6.05,6.49,12.15
66,49:02:8C,Scale Under Hive,1714673165,5538,100,67.26,nan,39.86,1,39.86,15.0,5.8,6.62,12.44
0,49:02:8C,Scale Under Hive,1714674067,5538,100,67.26,nan,39.86,1,39.86,15.0,5.8,6.62,12.44
60,49:02:8C,Scale Under Hive,1714676765,5539,100,68.61,nan,40.46,1,40.46,15.41,5.44,6.72,12.89
0,49:02:8C,Scale Under Hive,1714677667,5539,100,68.61,nan,40.46,1,40.46,15.41,5.44,6.72,12.89
72,49:02:8C,Scale Under Hive,1714680366,5540,100,72.39,nan,40.96,1,40.96,15.74,5.49,6.55,13.18
0,49:02:8C,Scale Under Hive,1714681267,5540,100,72.39,nan,40.96,1,40.96,15.74,5.49,6.55,13.18
58,49:02:8C,Scale Under Hive,1714683965,5541,100,71.49,nan,40.55,1,40.55,15.58,5.57,6.37,13.03
0,49:02:8C,Scale Under Hive,1714684867,5541,100,71.49,nan,40.55,1,40.55,15.58,5.57,6.37,13.03
58,49:02:8C,Scale Under Hive,1714687564,5542,100,69.51,nan,40.48,1,40.48,15.57,5.55,6.2,13.16
0,49:02:8C,Scale Under Hive,1714688467,5542,100,69.51,nan,40.48,1,40.48,15.57,5.55,6.2,13.16
68,49:02:8C,Scale Under Hive,1714691164,5543,100,65.84,nan,40.23,1,40.23,15.33,5.71,6.03,13.16
0,49:02:8C,Scale Under Hive,1714692067,5543,100,65.84,nan,40.23,1,40.23,15.33,5.71,6.03,13.16
56,49:02:8C,Scale Under Hive,1714694764,5544,100,63.75,nan,39.81,1,39.81,15.05,5.77,6.09,12.9
0,49:02:8C,Scale Under Hive,1714695667,5544,100,63.75,nan,39.81,1,39.81,15.05,5.77,6.09,12.9
54,49:02:8C,Scale Under Hive,1714698363,5545,100,62.4,nan,39.16,1,39.16,14.77,5.79,5.98,12.62
0,49:02:8C,Scale Under Hive,1714699267,5545,100,62.4,nan,39.16,1,39.16,14.77,5.79,5.98,12.62
72,49:02:8C,Scale Under Hive,1714701963,5546,100,60.11,nan,38.27,1,38.27,14.35,5.86,5.83,12.23
0,49:02:8C,Scale Under Hive,1714702867,5546,100,60.11,nan,38.27,1,38.27,14.35,5.86,5.83,12.23
72,49:02:8C,Scale Under Hive,1714705563,5547,100,56.58,nan,36.94,1,36.94,13.76,5.75,5.68,11.75
0,49:02:8C,Scale Under Hive,1714706467,5547,100,56.58,nan,36.94,1,36.94,13.76,5.75,5.68,11.75
56,49:02:8C,Scale Under Hive,1714709163,5548,100,54.91,nan,36.01,1,36.01,13.53,5.48,5.48,11.52
0,49:02:8C,Scale Under Hive,1714710067,5548,100,54.91,nan,36.01,1,36.01,13.53,5.48,5.48,11.52
50,49:02:8C,Scale Under Hive,1714712762,5549,100,54.48,nan,35.51,1,35.51,13.28,5.5,5.4,11.33
0,49:02:8C,Scale Under Hive,1714713667,5549,100,54.48,nan,35.51,1,35.51,13.28,5.5,5.4,11.33
76,49:02:8C,Scale Under Hive,1714716362,5550,100,51.44,nan,34.68,1,34.68,12.97,5.34,5.24,11.13
0,49:02:8C,Scale Under Hive,1714717267,5550,100,51.44,nan,34.68,1,34.68,12.97,5.34,5.24,11.13
68,49:02:8C,Scale Under Hive,1714719962,5551,100,51.44,nan,34.2,1,34.2,12.91,5.1,5.08,11.11
0,49:02:8C,Scale Under Hive,1714720867,5551,100,51.44,nan,34.2,1,34.2,12.91,5.1,5.08,11.11
70,49:02:8C,Scale Under Hive,1714723561,5552,100,50.75,nan,33.47,1,33.47,12.56,5.03,4.96,10.92
0,49:02:8C,Scale Under Hive,1714724467,5552,100,50.75,nan,33.47,1,33.47,12.56,5.03,4.96,10.92
72,49:02:8C,Scale Under Hive,1714727161,5553,100,50.41,nan,32.79,1,32.79,12.35,4.85,4.78,10.81
0,49:02:8C,Scale Under Hive,1714728067,5553,100,50.41,nan,32.79,1,32.79,12.35,4.85,4.78,10.81
72,49:02:8C,Scale Under Hive,1714730762,5554,100,48.75,nan,32.24,1,32.24,12.13,4.82,4.66,10.63
0,49:02:8C,Scale Under Hive,1714731667,5554,100,48.75,nan,32.24,1,32.24,12.13,4.82,4.66,10.63
68,49:02:8C,Scale Under Hive,1714734360,5555,100,47.42,nan,31.73,1,31.73,12.06,4.68,4.5,10.49
0,49:02:8C,Scale Under Hive,1714735267,5555,100,47.42,nan,31.73,1,31.73,12.06,4.68,4.5,10.49
58,49:02:8C,Scale Under Hive,1714737960,5556,100,47.46,nan,31.54,1,31.54,11.95,4.63,4.43,10.53
0,49:02:8C,Scale Under Hive,1714738867,5556,100,47.46,nan,31.54,1,31.54,11.95,4.63,4.43,10.53
72,49:02:8C,Scale Under Hive,1714741560,5557,100,47.37,nan,31.35,1,31.35,11.85,4.69,4.45,10.36
0,49:02:8C,Scale Under Hive,1714742467,5557,100,47.37,nan,31.35,1,31.35,11.85,4.69,4.45,10.36
76,49:02:8C,Scale Under Hive,1714745160,5558,100,47.13,nan,31.0,1,31.0,11.79,4.64,4.33,10.24
0,49:02:8C,Scale Under Hive,1714746067,5558,100,47.13,nan,31.0,1,31.0,11.79,4.64,4.33,10.24
66,49:02:8C,Scale Under Hive,1714748759,5559,100,49.24,nan,31.26,1,31.26,11.9,4.72,4.37,10.27
0,49:02:8C,Scale Under Hive,1714749667,5559,100,49.24,nan,31.26,1,31.26,11.9,4.72,4.37,10.27
58,49:02:8C,Scale Under Hive,1714752359,5560,100,55.13,nan,32.45,1,32.45,12.15,5.24,4.56,10.5
0,49:02:8C,Scale Under Hive,1714753267,5560,100,55.13,nan,32.45,1,32.45,12.15,5.24,4.56,10.5
60,49:02:8C,Scale Under Hive,1714755959,5561,100,65.69,nan,35.06,1,35.06,12.95,5.74,5.12,11.25
0,49:02:8C,Scale Under Hive,1714756867,5561,100,65.69,nan,35.06,1,35.06,12.95,5.74,5.12,11.25
62,49:02:8C,Scale Under Hive,1714759559,5562,100,68.9,nan,36.36,1,36.36,13.22,6.02,5.5,11.62
0,49:02:8C,Scale Under Hive,1714760467,5562,100,68.9,nan,36.36,1,36.36,13.22,6.02,5.5,11.62
68,49:02:8C,Scale Under Hive,1714763158,5563,100,67.19,nan,36.54,1,36.54,13.37,5.88,5.37,11.92
0,49:02:8C,Scale Under Hive,1714764067,5563,100,67.19,nan,36.54,1,36.54,13.37,5.88,5.37,11.92
62,49:02:8C,Scale Under Hive,1714766757,5564,100,68.5,nan,37.56,1,37.56,13.96,5.69,5.52,12.39
0,49:02:8C,Scale Under Hive,1714767667,5564,100,68.5,nan,37.56,1,37.56,13.96,5.69,5.52,12.39
66,49:02:8C,Scale Under Hive,1714770358,5565,100,68.07,nan,37.89,1,37.89,14.2,5.72,5.38,12.59
0,49:02:8C,Scale Under Hive,1714771267,5565,100,68.07,nan,37.89,1,37.89,14.2,5.72,5.38,12.59
64,49:02:8C,Scale Under Hive,1714773958,5566,100,66.52,nan,37.97,1,37.97,14.37,5.3,5.08,13.22
0,49:02:8C,Scale Under Hive,1714774867,5566,100,66.52,nan,37.97,1,37.97,14.37,5.3,5.08,13.22
68,49:02:8C,Scale Under Hive,1714777557,5567,100,62.9,nan,38.69,1,38.69,14.35,5.36,4.93,14.05
0,49:02:8C,Scale Under Hive,1714778467,5567,100,62.9,nan,38.69,1,38.69,14.35,5.36,4.93,14.05
60,49:02:8C,Scale Under Hive,1714781157,5568,100,57.83,nan,38.0,1,38.0,13.87,5.64,5.15,13.34
0,49:02:8C,Scale Under Hive,1714782067,5568,100,57.83,nan,38.0,1,38.0,13.87,5.64,5.15,13.34
58,49:02:8C,Scale Under Hive,1714784757,5569,100,55.65,nan,37.42,1,37.42,13.61,5.68,5.08,13.05
0,49:02:8C,Scale Under Hive,1714785667,5569,100,55.65,nan,37.42,1,37.42,13.61,5.68,5.08,13.05
58,49:02:8C,Scale Under Hive,1714788356,5570,100,53.47,nan,36.62,1,36.62,13.32,5.6,4.91,12.79
0,49:02:8C,Scale Under Hive,1714789267,5570,100,53.47,nan,36.62,1,36.62,13.32,5.6,4.91,12.79
56,49:02:8C,Scale Under Hive,1714791956,5571,100,50.0,nan,35.59,1,35.59,12.88,5.59,4.84,12.28
0,49:02:8C,Scale Under Hive,1714792867,5571,100,50.0,nan,35.59,1,35.59,12.88,5.59,4.84,12.28
70,49:02:8C,Scale Under Hive,1714795556,5572,100,47.3,nan,34.71,1,34.71,12.7,5.36,4.64,12.01
0,49:02:8C,Scale Under Hive,1714796467,5572,100,47.3,nan,34.71,1,34.71,12.7,5.36,4.64,12.01
52,49:02:8C,Scale Under Hive,1714799155,5573,100,44.94,nan,33.97,1,33.97,12.48,5.26,4.55,11.68
0,49:02:8C,Scale Under Hive,1714800067,5573,100,44.94,nan,33.97,1,33.97,12.48,5.26,4.55,11.68
66,49:02:8C,Scale Under Hive,1714802755,5574,100,44.33,nan,33.55,1,33.55,12.31,5.29,4.5,11.45
0,49:02:8C,Scale Under Hive,1714803667,5574,100,44.33,nan,33.55,1,33.55,12.31,5.29,4.5,11.45
48,49:02:8C,Scale Under Hive,1714806355,5575,100,42.62,nan,32.91,1,32.91,12.1,5.24,4.39,11.18
0,49:02:8C,Scale Under Hive,1714807267,5575,100,42.62,nan,32.91,1,32.91,12.1,5.24,4.39,11.18
66,49:02:8C,Scale Under Hive,1714809955,5576,100,40.85,nan,32.5,1,32.5,11.97,5.22,4.29,11.02
0,49:02:8C,Scale Under Hive,1714810867,5576,100,40.85,nan,32.5,1,32.5,11.97,5.22,4.29,11.02
66,49:02:8C,Scale Under Hive,1714813554,5577,100,39.59,nan,32.15,1,32.15,11.84,5.17,4.22,10.92
0,49:02:8C,Scale Under Hive,1714814467,5577,100,39.59,nan,32.15,1,32.15,11.84,5.17,4.22,10.92
52,49:02:8C,Scale Under Hive,1714817153,5578,100,38.47,nan,31.81,1,31.81,11.81,5.06,4.05,10.89
0,49:02:8C,Scale Under Hive,1714818067,5578,100,38.47,nan,31.81,1,31.81,11.81,5.06,4.05,10.89
68,49:02:8C,Scale Under Hive,1714820754,5579,100,37.58,nan,31.53,1,31.53,11.67,5.12,4.03,10.71
0,49:02:8C,Scale Under Hive,1714821667,5579,100,37.58,nan,31.53,1,31.53,11.67,5.12,4.03,10.71
60,49:02:8C,Scale Under Hive,1714824353,5580,100,37.25,nan,31.5,1,31.5,11.66,5.19,4.0,10.65
0,49:02:8C,Scale Under Hive,1714825267,5580,100,37.25,nan,31.5,1,31.5,11.66,5.19,4.0,10.65
68,49:02:8C,Scale Under Hive,1714827953,5581,100,37.27,nan,31.39,1,31.39,11.61,5.17,3.98,10.63
0,49:02:8C,Scale Under Hive,1714828867,5581,100,37.27,nan,31.39,1,31.39,11.61,5.17,3.98,10.63
40,49:02:8C,Scale Under Hive,1714831553,5582,100,44.13,nan,32.18,1,32.18,11.91,5.4,4.02,10.85
0,49:02:8C,Scale Under Hive,1714832467,5582,100,44.13,nan,32.18,1,32.18,11.91,5.4,4.02,10.85
76,49:02:8C,Scale Under Hive,1714835154,5583,100,67.53,nan,35.9,1,35.9,13.32,6.5,4.3,11.78
0,49:02:8C,Scale Under Hive,1714836067,5583,100,67.53,nan,35.9,1,35.9,13.32,6.5,4.3,11.78
68,49:02:8C,Scale Under Hive,1714838752,5584,100,76.8,nan,38.6,1,38.6,13.51,7.61,5.43,12.05
0,49:02:8C,Scale Under Hive,1714839667,5584,100,76.8,nan,38.6,1,38.6,13.51,7.61,5.43,12.05
58,49:02:8C,Scale Under Hive,1714842352,5585,100,78.08,nan,39.91,1,39.91,13.46,7.9,6.24,12.31
0,49:02:8C,Scale Under Hive,1714843267,5585,100,78.08,nan,39.91,1,39.91,13.46,7.9,6.24,12.31
58,49:02:8C,Scale Under Hive,1714845953,5586,100,79.53,nan,40.67,1,40.67,13.61,7.68,6.55,12.83
0,49:02:8C,Scale Under Hive,1714846867,5586,100,79.53,nan,40.67,1,40.67,13.61,7.68,6.55,12.83
56,49:02:8C,Scale Under Hive,1714849553,5587,100,80.59,nan,41.48,1,41.48,14.03,7.51,6.57,13.37
0,49:02:8C,Scale Under Hive,1714850467,5587,100,80.59,nan,41.48,1,41.48,14.03,7.51,6.57,13.37
78,49:02:8C,Scale Under Hive,1714853152,5588,100,81.55,nan,41.98,1,41.98,14.35,7.35,6.42,13.86
0,49:02:8C,Scale Under Hive,1714854067,5588,100,81.55,nan,41.98,1,41.98,14.35,7.35,6.42,13.86
56,49:02:8C,Scale Under Hive,1714856752,5589,100,82.0,nan,43.13,1,43.13,14.52,7.93,6.53,14.15
0,49:02:8C,Scale Under Hive,1714857667,5589,100,82.0,nan,43.13,1,43.13,14.52,7.93,6.53,14.15
70,49:02:8C,Scale Under Hive,1714860353,5590,100,80.29,nan,43.14,1,43.14,14.65,7.39,6.49,14.61
0,49:02:8C,Scale Under Hive,1714861267,5590,100,80.29,nan,43.14,1,43.14,14.65,7.39,6.49,14.61
42,49:02:8C,Scale Under Hive,1714863952,5591,100,78.4,nan,44.01,1,44.01,14.48,7.68,6.66,15.19
0,49:02:8C,Scale Under Hive,1714864867,5591,100,78.4,nan,44.01,1,44.01,14.48,7.68,6.66,15.19
58,49:02:8C,Scale Under Hive,1714867550,5592,100,75.63,nan,43.61,1,43.61,14.28,7.69,6.78,14.86
0,49:02:8C,Scale Under Hive,1714868467,5592,100,75.63,nan,43.61,1,43.61,14.28,7.69,6.78,14.86
52,49:02:8C,Scale Under Hive,1714871152,5593,100,73.92,nan,43.22,1,43.22,14.14,7.69,6.79,14.6
0,49:02:8C,Scale Under Hive,1714872067,5593,100,73.92,nan,43.22,1,43.22,14.14,7.69,6.79,14.6
70,49:02:8C,Scale Under Hive,1714874750,5594,100,71.87,nan,42.63,1,42.63,14.0,7.63,6.72,14.28
0,49:02:8C,Scale Under Hive,1714875667,5594,100,71.87,nan,42.63,1,42.63,14.0,7.63,6.72,14.28
76,49:02:8C,Scale Under Hive,1714878349,5595,100,69.45,nan,41.92,1,41.92,13.82,7.53,6.61,13.96
0,49:02:8C,Scale Under Hive,1714879267,5595,100,69.45,nan,41.92,1,41.92,13.82,7.53,6.61,13.96
62,49:02:8C,Scale Under Hive,1714881949,5596,100,68.79,nan,41.48,1,41.48,13.76,7.43,6.5,13.79
0,49:02:8C,Scale Under Hive,1714882867,5596,100,68.79,nan,41.48,1,41.48,13.76,7.43,6.5,13.79
66,49:02:8C,Scale Under Hive,1714885549,5597,100,69.0,nan,41.08,1,41.08,13.68,7.28,6.44,13.68
0,49:02:8C,Scale Under Hive,1714886467,5597,100,69.0,nan,41.08,1,41.08,13.68,7.28,6.44,13.68
66,49:02:8C,Scale Under Hive,1714889148,5598,100,68.21,nan,40.48,1,40.48,13.55,7.19,6.3,13.44
0,49:02:8C,Scale Under Hive,1714890067,5598,100,68.21,nan,40.48,1,40.48,13.55,7.19,6.3,13.44
74,49:02:8C,Scale Under Hive,1714892747,5599,100,68.05,nan,40.09,1,40.09,13.49,7.03,6.23,13.34
0,49:02:8C,Scale Under Hive,1714893667,5599,100,68.05,nan,40.09,1,40.09,13.49,7.03,6.23,13.34
66,49:02:8C,Scale Under Hive,1714896347,5600,100,67.02,nan,39.72,1,39.72,13.35,7.02,6.2,13.15
0,49:02:8C,Scale Under Hive,1714897267,5600,100,67.02,nan,39.72,1,39.72,13.35,7.02,6.2,13.15
58,49:02:8C,Scale Under Hive,1714899947,5601,100,65.94,nan,39.18,1,39.18,13.2,6.9,6.13,12.95
0,49:02:8C,Scale Under Hive,1714900867,5601,100,65.94,nan,39.18,1,39.18,13.2,6.9,6.13,12.95
64,49:02:8C,Scale Under Hive,1714903547,5602,100,64.68,nan,38.46,1,38.46,13.02,6.81,5.95,12.68
0,49:02:8C,Scale Under Hive,1714904467,5602,100,64.68,nan,38.46,1,38.46,13.02,6.81,5.95,12.68
52,49:02:8C,Scale Under Hive,1714907147,5603,100,64.05,nan,37.94,1,37.94,12.89,6.7,5.84,12.51
0,49:02:8C,Scale Under Hive,1714908067,5603,100,64.05,nan,37.94,1,37.94,12.89,6.7,5.84,12.51
68,49:02:8C,Scale Under Hive,1714910746,5604,100,63.33,nan,37.45,1,37.45,12.81,6.55,5.73,12.36
0,49:02:8C,Scale Under Hive,1714911667,5604,100,63.33,nan,37.45,1,37.45,12.81,6.55,5.73,12.36
74,49:02:8C,Scale Under Hive,1714914346,5605,100,62.92,nan,37.26,1,37.26,12.77,6.54,5.67,12.28
0,49:02:8C,Scale Under Hive,1714915267,5605,100,62.92,nan,37.26,1,37.26,12.77,6.54,5.67,12.28
68,49:02:8C,Scale Under Hive,1714917945,5606,100,62.74,nan,37.14,1,37.14,12.78,6.51,5.61,12.24
0,49:02:8C,Scale Under Hive,1714918867,5606,100,62.74,nan,37.14,1,37.14,12.78,6.51,5.61,12.24
76,49:02:8C,Scale Under Hive,1714921546,5607,100,58.56,nan,35.79,1,35.79,12.37,6.14,5.38,11.9
0,49:02:8C,Scale Under Hive,1714922467,5607,100,58.56,nan,35.79,1,35.79,12.37,6.14,5.38,11.9
80,49:02:8C,Scale Under Hive,1714925145,5608,100,53.42,nan,34.14,1,34.14,11.93,5.52,5.04,11.65
0,49:02:8C,Scale Under Hive,1714926067,5608,100,53.42,nan,34.14,1,34.14,11.93,5.52,5.04,11.65
68,49:02:8C,Scale Under Hive,1714928745,5609,100,48.29,nan,33.29,1,33.29,11.77,5.24,4.86,11.42
0,49:02:8C,Scale Under Hive,1714929667,5609,100,48.29,nan,33.29,1,33.29,11.77,5.24,4.86,11.42
56,49:02:8C,Scale Under Hive,1714932345,5610,100,44.47,nan,31.2,1,31.2,11.57,4.86,4.9,9.87
0,49:02:8C,Scale Under Hive,1714933267,5610,100,44.47,nan,31.2,1,31.2,11.57,4.86,4.9,9.87
54,49:02:8C,Scale Under Hive,1714935945,5611,100,43.91,nan,30.37,1,30.37,10.58,4.48,4.98,10.33
0,49:02:8C,Scale Under Hive,1714936867,5611,100,43.91,nan,30.37,1,30.37,10.58,4.48,4.98,10.33
76,49:02:8C,Scale Under Hive,1714939544,5612,100,41.12,nan,29.91,1,29.91,9.53,4.88,5.28,10.22
0,49:02:8C,Scale Under Hive,1714940467,5612,100,41.12,nan,29.91,1,29.91,9.53,4.88,5.28,10.22
84,49:02:8C,Scale Under Hive,1714943144,5613,100,37.41,nan,29.76,1,29.76,8.54,5.58,5.4,10.24
0,49:02:8C,Scale Under Hive,1714944067,5613,100,37.41,nan,29.76,1,29.76,8.54,5.58,5.4,10.24
68,49:02:8C,Scale Under Hive,1714946745,5614,100,37.14,nan,30.96,1,30.96,8.51,6.4,5.46,10.59
0,49:02:8C,Scale Under Hive,1714947667,5614,100,37.14,nan,30.96,1,30.96,8.51,6.4,5.46,10.59
68,49:02:8C,Scale Under Hive,1714950346,5615,100,38.33,nan,31.26,1,31.26,8.31,6.81,5.34,10.8
0,49:02:8C,Scale Under Hive,1714951267,5615,100,38.33,nan,31.26,1,31.26,8.31,6.81,5.34,10.8
60,49:02:8C,Scale Under Hive,1714953943,5616,100,39.12,nan,31.02,1,31.02,8.09,6.86,5.26,10.81
0,49:02:8C,Scale Under Hive,1714954867,5616,100,39.12,nan,31.02,1,31.02,8.09,6.86,5.26,10.81
72,49:02:8C,Scale Under Hive,1714957542,5617,100,39.72,nan,29.19,1,29.19,7.52,6.49,4.85,10.33
0,49:02:8C,Scale Under Hive,1714958467,5617,100,39.72,nan,29.19,1,29.19,7.52,6.49,4.85,10.33
74,49:02:8C,Scale Under Hive,1714961142,5618,100,39.84,nan,27.47,1,27.47,6.83,6.41,4.47,9.76
0,49:02:8C,Scale Under Hive,1714962067,5618,100,39.84,nan,27.47,1,27.47,6.83,6.41,4.47,9.76
62,49:02:8C,Scale Under Hive,1714964742,5619,100,38.66,nan,26.43,1,26.43,6.37,6.46,4.19,9.41
0,49:02:8C,Scale Under Hive,1714965667,5619,100,38.66,nan,26.43,1,26.43,6.37,6.46,4.19,9.41
44,49:02:8C,Scale Under Hive,1714968342,5620,100,38.31,nan,26.11,1,26.11,6.09,6.58,4.11,9.33
0,49:02:8C,Scale Under Hive,1714969267,5620,100,38.31,nan,26.11,1,26.11,6.09,6.58,4.11,9.33
72,49:02:8C,Scale Under Hive,1714971941,5621,100,38.39,nan,26.2,1,26.2,5.93,6.78,4.14,9.35
0,49:02:8C,Scale Under Hive,1714972867,5621,100,38.39,nan,26.2,1,26.2,5.93,6.78,4.14,9.35
62,49:02:8C,Scale Under Hive,1714975542,5622,100,38.26,nan,26.51,1,26.51,5.85,7.0,4.2,9.46
0,49:02:8C,Scale Under Hive,1714976467,5622,100,38.26,nan,26.51,1,26.51,5.85,7.0,4.2,9.46
74,49:02:8C,Scale Under Hive,1714979144,5623,100,36.71,nan,26.7,1,26.7,5.72,7.2,4.23,9.55
0,49:02:8C,Scale Under Hive,1714980067,5623,100,36.71,nan,26.7,1,26.7,5.72,7.2,4.23,9.55
54,49:02:8C,Scale Under Hive,1714982742,5624,100,35.43,nan,28.1,1,28.1,6.52,7.47,4.36,9.75
0,49:02:8C,Scale Under Hive,1714983667,5624,100,35.43,nan,28.1,1,28.1,6.52,7.47,4.36,9.75
80,49:02:8C,Scale Under Hive,1714986340,5625,100,35.51,nan,30.78,1,30.78,8.63,7.35,4.61,10.19
0,49:02:8C,Scale Under Hive,1714987267,5625,100,35.51,nan,30.78,1,30.78,8.63,7.35,4.61,10.19
64,49:02:8C,Scale Under Hive,1714989941,5626,100,34.35,nan,32.32,1,32.32,9.29,7.61,4.58,10.84
0,49:02:8C,Scale Under Hive,1714990867,5626,100,34.35,nan,32.32,1,32.32,9.29,7.61,4.58,10.84
64,49:02:8C,Scale Under Hive,1714993542,5627,100,34.28,nan,33.56,1,33.56,9.6,7.91,4.92,11.13
0,49:02:8C,Scale Under Hive,1714994467,5627,100,34.28,nan,33.56,1,33.56,9.6,7.91,4.92,11.13
70,49:02:8C,Scale Under Hive,1714997141,5628,100,34.86,nan,34.91,1,34.91,9.68,8.23,5.79,11.21
0,49:02:8C,Scale Under Hive,1714998067,5628,100,34.86,nan,34.91,1,34.91,9.68,8.23,5.79,11.21
66,49:02:8C,Scale Under Hive,1715000740,5629,100,34.89,nan,36.17,1,36.17,9.6,8.5,6.92,11.15
0,49:02:8C,Scale Under Hive,1715001667,5629,100,34.89,nan,36.17,1,36.17,9.6,8.5,6.92,11.15
56,49:02:8C,Scale Under Hive,1715004341,5630,100,35.74,nan,36.64,1,36.64,9.53,8.65,7.3,11.16
0,49:02:8C,Scale Under Hive,1715005267,5630,100,35.74,nan,36.64,1,36.64,9.53,8.65,7.3,11.16
46,49:02:8C,Scale Under Hive,1715007941,5631,100,36.55,nan,36.32,1,36.32,9.45,8.67,7.15,11.05
0,49:02:8C,Scale Under Hive,1715008867,5631,100,36.55,nan,36.32,1,36.32,9.45,8.67,7.15,11.05
46,49:02:8C,Scale Under Hive,1715011540,5633,100,37.86,nan,36.08,1,36.08,9.41,8.55,6.75,11.37
0,49:02:8C,Scale Under Hive,1715012467,5632,100,37.86,nan,36.08,1,36.08,9.41,8.55,6.75,11.37
46,49:02:8C,Scale Under Hive,1715015140,5634,100,39.23,nan,36.03,1,36.03,9.4,8.41,6.56,11.66
0,49:02:8C,Scale Under Hive,1715016067,5634,100,39.23,nan,36.03,1,36.03,9.4,8.41,6.56,11.66
72,49:02:8C,Scale Under Hive,1715018740,5635,100,40.49,nan,36.33,1,36.33,9.41,8.34,6.55,12.03
0,49:02:8C,Scale Under Hive,1715019667,5635,100,40.49,nan,36.33,1,36.33,9.41,8.34,6.55,12.03
48,49:02:8C,Scale Under Hive,1715022340,5636,100,42.22,nan,36.92,1,36.92,9.44,8.44,6.62,12.42
0,49:02:8C,Scale Under Hive,1715023267,5636,100,42.22,nan,36.92,1,36.92,9.44,8.44,6.62,12.42
40,49:02:8C,Scale Under Hive,1715025939,5637,100,42.63,nan,37.37,1,37.37,9.44,8.52,6.7,12.71
0,49:02:8C,Scale Under Hive,1715026867,5637,100,42.63,nan,37.37,1,37.37,9.44,8.52,6.7,12.71
34,49:02:8C,Scale Under Hive,1715029538,5638,100,43.39,nan,38.17,1,38.17,9.59,8.55,6.8,13.23
0,49:02:8C,Scale Under Hive,1715030467,5638,100,43.39,nan,38.17,1,38.17,9.59,8.55,6.8,13.23
56,49:02:8C,Scale Under Hive,1715033138,5639,100,49.92,nan,39.58,1,39.58,10.27,8.45,6.74,14.12
0,49:02:8C,Scale Under Hive,1715034067,5639,100,49.92,nan,39.58,1,39.58,10.27,8.45,6.74,14.12
50,49:02:8C,Scale Under Hive,1715036737,5640,100,51.33,nan,40.38,1,40.38,10.71,8.45,6.69,14.53
0,49:02:8C,Scale Under Hive,1715037667,5640,100,51.33,nan,40.38,1,40.38,10.71,8.45,6.69,14.53
70,49:02:8C,Scale Under Hive,1715040336,5646,100,52.97,nan,41.45,1,41.45,11.22,8.49,6.72,15.02
52,49:02:8C,Scale Under Hive,1715043937,5647,100,52.97,nan,41.91,1,41.91,11.57,8.41,6.68,15.25
56,49:02:8C,Scale Under Hive,1715047539,5648,100,50.68,nan,41.97,1,41.97,11.67,8.44,6.62,15.24
54,49:02:8C,Scale Under Hive,1715051137,5649,100,47.82,nan,41.9,1,41.9,11.6,8.54,6.64,15.12
66,49:02:8C,Scale Under Hive,1715054735,5650,100,46.23,nan,41.99,1,41.99,11.54,8.69,6.7,15.06
50,49:02:8C,Scale Under Hive,1715058335,5651,100,45.03,nan,42.13,1,42.13,11.51,8.85,6.76,15.01
48,49:02:8C,Scale Under Hive,1715061936,5652,100,44.9,nan,42.41,1,42.41,11.53,8.96,6.84,15.08
42,49:02:8C,Scale Under Hive,1715065535,5653,100,45.66,nan,43.02,1,43.02,11.62,9.12,6.98,15.3
46,49:02:8C,Scale Under Hive,1715069135,5654,100,45.39,nan,43.11,1,43.11,11.7,9.15,6.99,15.27
42,49:02:8C,Scale Under Hive,1715072736,5655,100,44.81,nan,43.37,1,43.37,11.74,9.3,7.04,15.29
66,49:02:8C,Scale Under Hive,1715076335,5656,100,43.07,nan,43.46,1,43.46,11.79,9.37,7.07,15.23
68,49:02:8C,Scale Under Hive,1715079934,5657,100,40.47,nan,43.08,1,43.08,11.08,9.49,7.54,14.97
56,49:02:8C,Scale Under Hive,1715083535,5658,100,40.42,nan,43.0,1,43.0,10.71,9.66,7.71,14.92
66,49:02:8C,Scale Under Hive,1715087136,5659,100,40.54,nan,43.05,1,43.05,10.49,9.77,7.82,14.97
64,49:02:8C,Scale Under Hive,1715090734,5660,100,40.11,nan,43.15,1,43.15,10.37,9.94,7.93,14.91
58,49:02:8C,Scale Under Hive,1715094334,5661,100,41.27,nan,43.83,1,43.83,10.44,9.98,7.97,15.44
54,49:02:8C,Scale Under Hive,1715097934,5662,100,44.2,nan,44.3,1,44.3,10.62,9.94,7.99,15.75
36,49:02:8C,Scale Under Hive,1715101533,5663,100,45.68,nan,44.48,1,44.48,10.74,9.85,7.99,15.9
60,49:02:8C,Scale Under Hive,1715105135,5664,100,55.38,nan,44.96,1,44.96,11.32,9.42,7.82,16.4
60,49:02:8C,Scale Under Hive,1715108732,5665,100,58.01,nan,45.19,1,45.19,11.84,9.28,7.7,16.37
66,49:02:8C,Scale Under Hive,1715112332,5666,100,60.09,nan,45.3,1,45.3,12.24,9.22,7.58,16.26
66,49:02:8C,Scale Under Hive,1715115933,5667,100,51.33,nan,44.17,1,44.17,11.87,9.47,7.41,15.42
46,49:02:8C,Scale Under Hive,1715119532,5668,100,49.02,nan,44.1,1,44.1,11.81,9.54,7.48,15.27
64,49:02:8C,Scale Under Hive,1715123131,5669,100,50.66,nan,44.52,1,44.52,11.98,9.52,7.62,15.4
64,49:02:8C,Scale Under Hive,1715126732,5670,100,51.04,nan,44.56,1,44.56,11.97,9.55,7.69,15.35
66,49:02:8C,Scale Under Hive,1715130331,5671,100,49.06,nan,44.43,1,44.43,12.01,9.54,7.63,15.25
68,49:02:8C,Scale Under Hive,1715133929,5672,100,47.31,nan,44.46,1,44.46,12.14,9.48,7.6,15.24
70,49:02:8C,Scale Under Hive,1715137529,5673,100,43.62,nan,44.21,1,44.21,12.03,9.56,7.55,15.07
68,49:02:8C,Scale Under Hive,1715141130,5674,100,42.69,nan,44.49,1,44.49,12.17,9.61,7.61,15.1
54,49:02:8C,Scale Under Hive,1715144729,5675,100,41.72,nan,44.5,1,44.5,12.25,9.57,7.58,15.1
68,49:02:8C,Scale Under Hive,1715148328,5676,100,41.41,nan,44.68,1,44.68,12.35,9.59,7.61,15.13
56,49:02:8C,Scale Under Hive,1715151929,5677,100,39.27,nan,44.59,1,44.59,12.39,9.53,7.54,15.13
66,49:02:8C,Scale Under Hive,1715155529,5678,100,36.91,nan,44.57,1,44.57,12.41,9.51,7.52,15.13
72,49:02:8C,Scale Under Hive,1715159127,5679,100,35.94,nan,44.73,1,44.73,12.46,9.52,7.56,15.19
58,49:02:8C,Scale Under Hive,1715162728,5680,100,37.45,nan,45.12,1,45.12,12.66,9.49,7.59,15.38
56,49:02:8C,Scale Under Hive,1715166327,5681,100,38.31,nan,45.44,1,45.44,12.82,9.48,7.62,15.52
64,49:02:8C,Scale Under Hive,1715169928,5682,100,39.12,nan,45.81,1,45.81,12.99,9.54,7.68,15.6
58,49:02:8C,Scale Under Hive,1715173526,5683,100,39.41,nan,46.06,1,46.06,13.14,9.55,7.68,15.69
56,49:02:8C,Scale Under Hive,1715177126,5684,100,41.25,nan,46.5,1,46.5,13.32,9.58,7.75,15.85
72,49:02:8C,Scale Under Hive,1715180727,5685,100,46.25,nan,47.15,1,47.15,13.68,9.59,7.78,16.1
72,49:02:8C,Scale Under Hive,1715184326,5686,100,47.89,nan,47.62,1,47.62,13.99,9.5,7.86,16.27
72,49:02:8C,Scale Under Hive,1715187925,5687,100,53.63,nan,48.37,1,48.37,14.39,9.4,8.01,16.57
46,49:02:8C,Scale Under Hive,1715191525,5688,100,58.2,nan,48.73,1,48.73,14.66,9.17,8.13,16.77
40,49:02:8C,Scale Under Hive,1715195125,5689,100,61.21,nan,49.21,1,49.21,15.04,9.06,8.17,16.94
76,49:02:8C,Scale Under Hive,1715198724,5690,100,62.16,nan,49.11,1,49.11,15.41,8.85,8.01,16.84
46,49:02:8C,Scale Under Hive,1715202324,5691,100,60.92,nan,49.2,1,49.2,15.79,8.76,7.95,16.7
42,49:02:8C,Scale Under Hive,1715205925,5692,100,59.7,nan,49.58,1,49.58,16.15,8.74,7.99,16.7
32,49:02:8C,Scale Under Hive,1715209524,5693,100,56.69,nan,49.62,1,49.62,16.37,8.56,7.94,16.75
50,49:02:8C,Scale Under Hive,1715213125,5694,100,54.32,nan,49.42,1,49.42,16.23,8.77,7.99,16.43
52,49:02:8C,Scale Under Hive,1715216724,5695,100,51.81,nan,49.02,1,49.02,16.17,8.7,7.89,16.26
72,49:02:8C,Scale Under Hive,1715220324,5696,100,49.6,nan,48.54,1,48.54,15.97,8.73,7.83,16.01
58,49:02:8C,Scale Under Hive,1715223924,5697,100,48.2,nan,48.13,1,48.13,15.85,8.7,7.75,15.83
56,49:02:8C,Scale Under Hive,1715227523,5698,100,47.33,nan,47.81,1,47.81,15.77,8.68,7.67,15.69
68,49:02:8C,Scale Under Hive,1715231123,5699,100,46.25,nan,47.45,1,47.45,15.64,8.66,7.61,15.54
66,49:02:8C,Scale Under Hive,1715234722,5700,100,44.11,nan,46.93,1,46.93,15.47,8.6,7.5,15.36
66,49:02:8C,Scale Under Hive,1715238323,5701,100,41.59,nan,46.42,1,46.42,15.3,8.55,7.4,15.17
70,49:02:8C,Scale Under Hive,1715241922,5702,100,41.05,nan,46.26,1,46.26,15.28,8.57,7.34,15.07
70,49:02:8C,Scale Under Hive,1715245522,5703,100,40.54,nan,46.05,1,46.05,15.17,8.61,7.31,14.96
56,49:02:8C,Scale Under Hive,1715249122,5704,100,41.77,nan,46.15,1,46.15,15.21,8.65,7.31,14.98
68,49:02:8C,Scale Under Hive,1715252721,5705,100,42.45,nan,46.15,1,46.15,15.19,8.64,7.31,15.01
68,49:02:8C,Scale Under Hive,1715256321,5706,100,42.38,nan,46.1,1,46.1,15.11,8.69,7.34,14.96
58,49:02:8C,Scale Under Hive,1715259921,5707,100,42.67,nan,46.09,1,46.09,15.06,8.74,7.36,14.93
52,49:02:8C,Scale Under Hive,1715263521,5708,100,46.77,nan,46.67,1,46.67,15.24,8.82,7.47,15.14
72,49:02:8C,Scale Under Hive,1715267121,5709,100,51.42,nan,47.21,1,47.21,15.44,8.8,7.61,15.36
48,49:02:8C,Scale Under Hive,1715270720,5710,100,54.57,nan,47.67,1,47.67,15.64,8.82,7.66,15.55
72,49:02:8C,Scale Under Hive,1715274320,5711,100,55.16,nan,47.96,1,47.96,15.87,8.67,7.75,15.67
74,49:02:8C,Scale Under Hive,1715277919,5712,100,57.99,nan,48.69,1,48.69,16.23,8.59,7.99,15.88
48,49:02:8C,Scale Under Hive,1715281519,5713,100,62.49,nan,49.38,1,49.38,16.63,8.54,8.05,16.16
48,49:02:8C,Scale Under Hive,1715282719,4,100,64.58,nan,49.87,1,49.87,16.76,8.47,8.29,16.35
70,49:02:8C,Scale Under Hive,1715286319,5,100,63.19,nan,49.67,1,49.67,16.87,8.53,8.13,16.14
70,49:02:8C,Scale Under Hive,1715289919,6,100,61.23,nan,50.11,1,50.11,17.04,8.68,8.49,15.9
70,49:02:8C,Scale Under Hive,1715293518,7,100,61.26,nan,50.23,1,50.23,17.33,8.4,8.55,15.95
46,49:02:8C,Scale Under Hive,1715297118,8,100,60.78,nan,50.36,1,50.36,17.18,8.65,8.68,15.85
52,49:02:8C,Scale Under Hive,1715300718,9,100,59.93,nan,62.17,1,62.17,19.62,12.64,11.95,17.96
64,49:02:8C,Scale Under Hive,1715304317,10,100,57.92,nan,62.05,1,62.05,19.59,12.66,11.96,17.84
58,49:02:8C,Scale Under Hive,1715307918,11,100,56.24,nan,61.49,1,61.49,19.43,12.6,11.8,17.66
60,49:02:8C,Scale Under Hive,1715311517,12,100,55.25,nan,61.32,1,61.32,19.35,12.59,11.86,17.52
70,49:02:8C,Scale Under Hive,1715315118,13,100,54.59,nan,61.21,1,61.21,19.3,12.58,11.92,17.41
60,49:02:8C,Scale Under Hive,1715318716,14,100,53.27,nan,60.75,1,60.75,19.11,12.58,11.87,17.19
70,49:02:8C,Scale Under Hive,1715322315,15,100,52.19,nan,60.33,1,60.33,18.93,12.55,11.81,17.04
56,49:02:8C,Scale Under Hive,1715325915,16,100,51.94,nan,60.23,1,60.23,18.9,12.53,11.82,16.98
74,49:02:8C,Scale Under Hive,1715329514,17,100,52.91,nan,60.54,1,60.54,19.0,12.56,11.98,17.0
72,49:02:8C,Scale Under Hive,1715333115,18,100,52.34,nan,60.41,1,60.41,18.98,12.53,12.0,16.9
58,49:02:8C,Scale Under Hive,1715336714,19,100,51.8,nan,60.37,1,60.37,18.91,12.48,12.09,16.89
62,49:02:8C,Scale Under Hive,1715340313,20,100,51.44,nan,60.15,1,60.15,18.83,12.42,12.12,16.78
70,49:02:8C,Scale Under Hive,1715343913,21,100,51.31,nan,60.07,1,60.07,18.84,12.53,12.05,16.65
64,49:02:8C,Scale Under Hive,1715347513,22,100,51.6,nan,60.32,1,60.32,18.88,12.64,12.17,16.63
56,49:02:8C,Scale Under Hive,1715351113,23,100,57.11,nan,61.1,1,61.1,19.43,12.48,12.21,16.98
64,49:02:8C,Scale Under Hive,1715354713,24,100,55.88,nan,60.94,1,60.94,19.12,12.65,12.48,16.69
72,49:02:8C,Scale Under Hive,1715358312,25,100,56.35,nan,60.95,1,60.95,19.15,12.52,12.52,16.76
62,49:02:8C,Scale Under Hive,1715361913,26,100,58.13,nan,61.0,1,61.0,19.23,12.41,12.51,16.85
56,49:02:8C,Scale Under Hive,1715365511,27,100,70.08,nan,62.33,1,62.33,19.72,12.5,12.72,17.39
